review,rating,date
"I have to be this hotel same day hard to get room. We like to provide best of our family to stay there and we liked became this place family environment.  We always enjoyed with our kids.  Best rooftop Garden and restaurant as well. Thanks for being part of our family.  I can say with budget price vest hotel in center with 24 our open also comfortable bed and best sleeping.
Trip type
Vacation
Travel group
Family
Rooms: 5
Service: 5
Location: 5
Safety
This is like my home
Hotel highlights
Luxury, Great value, High-tech",5,"a month ago on 
Google"
"This place is perfectly located, very close to Durbar Square and most major spots in Kathmandu. I would highly recommend it for its warm hospitality. The staff constantly checked in to ensure I was having a great experience.
A special shout-out to Usha at the reception for her quick responses and regular follow-ups to make sure I was comfortable. I also loved the open space on the top floor, where Arjun kindly served me coffee along with a complimentary breakfast.
I‚Äôm truly happy with my stay and would definitely choose the same place again when I visit Kathmandu.
Trip type
Vacation
Travel group
Solo
Rooms: 5
Service: 5
Location: 5
Hotel highlights
Great view, Great value",5,"a month ago on 
Google"
"Only my favorite place in thamel center of Kathmandu valley. Room excellent, breakfast expectable.  Roof top garden restaurant with best whiskey was amazing. Staff are all professional and helpful also politely provide services. Hot shower amazing on this weather. Thanks to karma teams. More",5,"a month ago on 
Google"
"I stayed for 2 months in Nepal, doing Langtang, Annapurna, Everest Three Passes treks, as well as Chitwan and other site seeing. Every time I returned to Kathmandu I stayed at Karma Travelers House. This place made me feel like it was my ‚Ä¶
Read more on Tripadvisor",5,"a month ago on 
Google"
We have stayed for 1 week hotel really great. Staff are really professional. Cook make really great Nepali food. Comfortable bed. Center for walking to shopping. 24 hour open really enjoyed. My friend all as bachelor goat. Great location for young man . More,5,"a month ago on 
Google"
We didn't hope that much service with budget price in thamel center . Karma travellers home we stayed as our good karma. Hotel comfortable . Room best and service excellent . wonderful hot shower . prime location walking distance to ‚Ä¶ More,5,"a month ago on 
Google"
"Usa as usha rage , Arjun smile as arjuna, Anjan really helpful.  Housekeeping all are nicely work. Hotel 24 ours opened so professional and well treat. Thankfully treated us as family.  You sre all sweets and professional.  Excellent services,  really like hot water. More",5,"a month ago on 
Google"
Onely one best place in thamel we have been staying at this hotel for 10 days for official work. All team like my part of my family. Thanks Arjun and Kedar sir you are a great person. You provide us American breakfast ü•û was still in my ‚Ä¶ More,5,"a month ago on 
Google"
Only one my best place in thamel center. My friend always like this place hot shower and WiFi great. Breakfast American had so memorial thanks cook arjun. You are great. Bed comfortable. Amazing place More,5,"a month ago on 
Google"
"Don't miss to stay karma travellers home this is my best places in Kathmandu Nepal. You get with budget Price Best service here. Professional staff
Breakfast at rooftop top topic ‚Ä¶ More",5,"a month ago on 
Google"
"Positive aspects include friendly staff, good location near markets, and comfortable, well-kept rooms.
Safe and affordable options near institutes score higher if they are clean. More",5,"a month ago on 
Google"
"Hotel in center of kathmandu, they have travel and ticket service also. People are friendly also helpful.
Hot shour is the best in City center. ‚Ä¶ More",5,"a month ago on 
Google"
"Nice place, wonderful service, beat location also friendly staff. Rooftop garden restaurant also beautiful. You are amazing team. Safe as like my home. Thanks for your expectable service. More",5,"a month ago on 
Google"
"Excellent service, best people, wonderful food , whisky and service was unforgettable. One of the best hotel in Kathmandu. Thanks for excellent service and comfortable bed. We sleep really well. More",5,"a month ago on 
Google"
Best place in thamel I got different locations before and my driver take me different hotel was not good. Karma travellers finally in jp marg thamel Kathmandu Nepal. So nice and comfortable bed new also best place in thamel guise please once you may stay in thamel area in karma travellers home only. Thanks More,5,"a month ago on 
Google"
"Only one my favourite place in Kathmandu center. While I am in this hotel I feel as my home.
Really helpful staff ‚Ä¶ More",5,"a month ago on 
Google"
"Hi guys don't miss to stay with budget and comfortable place in thamel center of Kathmandu. You are looking cheap and budget place with comfortable bed , clean and  really friendly staff. Good location. Great value. More",5,"a month ago on 
Google"
"Wow,wow,wow,super travel and hotel in thamel Kathmandu Nepal. We have been one week l like to stay in this hotel as family so friendly and wonderful staying with them. We are being as really best friend with them we will not stay anywhere else again. I like to recumbent this hotel always. More",5,"a month ago on 
Google"
"Super location,super hotel in Nepal, super friendly staff, clean and really comfortable, are you being in thamel pls don't miss to stay in this hotel.
Budget room ‚Ä¶ More",5,"a month ago on 
Google"
"Nice hotel with very helpful staffs and centrally located, neat and clean rooms with good WiFi coverage and found the reliable laundry service with Beautiful 360‚Å∞ rooftop view.
Trip type
Vacation
Travel group
Solo
Rooms: 5
Service: 5
Location: 5
Nearby activities
Restaurants and bars and Shopping place nearby.
Food & drinks
Cheap and delicious
Hotel highlights
Great view, Quiet, Great value",5,"7 months ago on 
Google"
"I felt very good staying in Premium Hotel. The hotel is very clean, the room is very decent, spacious enough room and bath for one or two people, I am a solo traveler. It is really value for money hotel. There is hot water 24h. There is a ‚Ä¶ More",5,"7 months ago on 
Google"
"The staff were very friendly and helpful, making the stay pleasant. I would definitely stay here again. More",5,"7 months ago on 
Google"
"Perfect location, many nice coffeees, places to eat around. The staff was always helpful and kind. Room cleaning always available. I had good experience. Recommended More",5,"7 months ago on 
Google"
"I highly recommend this hotel to stay in Thamel. The room was clean and with heaters.  The wifi was strong in the rooms. The food they serve here is very tasty and clean. The chef Rajkumar really cooks well and I loved his Thukpa and hot ‚Ä¶
Read more on Tripadvisor",5,"7 months ago on 
Google"
"Recently stayed at Hotel premium, and overall it was great experience,  would definitely recommend üëå ‚Ä¶ More",5,"7 months ago on 
Google"
"Stayed on and off in between trekking and I couldn't recommend more! Very friendly and accommodating staff, looked after my bags inbetween, very nice rooms with hot shower and comfy beds for a good price! Would definitely stay again More",5,"7 months ago on 
Google"
"Unfortunately I can‚Äôt recommend staying at this hotel. We have got room at 6th floor without an elevator although it seemed like the hotel was half empty, there is no hot shower and the sheets were unclean. Staff are nice though More",5,"7 months ago on 
Google"
"Very nice and clean location is best place  near to thamel
Rooms: 5‚Ä¶
More",5,"7 months ago on 
Google"
"Very nice room with all basic needs.
Service was friendly and quick.
Rooms: 5‚Ä¶
More",5,"7 months ago on 
Google"
"The location first class, staff good, but |noise coming from the street all night long particularly from the taxi rank which is just outside the hotel.Manager bad and a cheater. Gave me a very small VERY DUSTY single room, instead of the ‚Ä¶
Read more on Tripadvisor",5,"7 months ago on 
Google"
"I was able to find this location through my trekking company and I was grateful they had a recommendation for me as I just wanted something simple. I was able to look at the room prior to booking it and that was nice. I decided to take the ‚Ä¶
Read more on Tripadvisor",5,"7 months ago on 
Google"
"I stayed here on and off for about 6 weeks over an 11 week period and thoroughly enjoyed my stay. First of all the management and staff were very friendly, helpful and totally professional. I felt they genuinely cared about me as a guest. ‚Ä¶ More",5,"7 months ago on 
Google"
"We went to Kathmandu and slept in Hotel premium for 4 nights. It's clean, in the neighborhood of Thamel (must seen place of Kathmandu, full of shops and life), views of the city from the terrace, cheap and the food they cook is delicious! ‚Ä¶
Read more on Tripadvisor",5,"7 months ago on 
Google"
"Great people, great room. Hot water in the shower all the time, comfy bed, right in the center, great cafe, rooftop place has fantastic view, the staff is so lovely and welcoming. I loved it! More",5,"7 months ago on 
Google"
"The hotel is strategically placed - close to Old City, Thamel, Ratna Park, Tourist Bus Park etd. Staff is kind and helpful - also with bargaining for a taxi or keeping your backpack for free in the hotel when you want to travel somewhere ‚Ä¶
Read more on Tripadvisor",5,"7 months ago on 
Google"
"When in Kathmandu, you may need to slightly lower expectations of luxury, or pay Western prices. At Hotel Premium, you get hot showers (a big deal) a clean room, someone always at the front desk, a great location, soap and toilet paper... ‚Ä¶
Read more on Tripadvisor",5,"7 months ago on 
Google"
"Room was nice, bed was comfortable, no hot water (but not an issue).|Good and quiet location close to Thamel (within walking distance).|No access to the rooftop when we wanted, but this was not a big issue.",5,"7 months ago on 
Google"
"Clean and big rooms.
Toilet has hot water with stable pressurization.
Rooftop view is very beautiful. ‚Ä¶ More",5,"7 months ago on 
Google"
"Exactly what a backpacker requires for a night or three in Kathmandu city.  Can be extremely noisy due to the category of guest.  Beware of the taxi booking service, which is SUPER expensive (and blamed on the high import tax of ‚Ä¶
Read more on Tripadvisor",5,"7 months ago on 
Google"
"Pros: The hotel is on a main road so it is easy to get around.

Cons: The rooms were not very clean. We had permanent marker writing on the ‚Ä¶ More",2,"9 months ago on 
Google"
"Nice staff, comfortable Room, good breakfast and location
Rooms: 4‚Ä¶
More",2,"9 months ago on 
Google"
"It's not worth it.

The room was okay. We found a spider in the bathroom. The shower water was not hot.

The room service phone wasn't working.  However, the hotel staff was willing to change the room. It was nothing different though.
Rooms: 2
Service: 1
Location: 2",2,"9 months ago on 
Google"
"""I had a wonderful stay at Kathmandu Regency. The location is perfect, right in the heart of Thamel, close to shops and restaurants. The staff were incredibly friendly and helpful, always going the extra mile to ensure my comfort. The room ‚Ä¶ More",2,"9 months ago on 
Google"
"I recently stayed at your establishment and wanted to provide feedback regarding my experience, which unfortunately was not entirely satisfactory. One of the major issues I encountered was the absence of air-conditioned rooms, despite my ‚Ä¶ More",2,"9 months ago on 
Google"
"I Recently stayed at the Kathmandu regency hotel in Kathmandu for a 4-night vacation, and it was an unforgettable experience. Here's what stood out. The hotel location is perfectly situated in the heart of the city Thamel with major ‚Ä¶ More",2,"9 months ago on 
Google"
Best service and near my favorite company great vision trek just walking distance. Thanks for your wonderful service More,2,"9 months ago on 
Google"
"Friendly staff members. The manager can understand and speak English. The location was prime and happening. The complimentary breakfast was good. The rooms were tiny , but kept clean and neat. A little pricey ,but not bad. More",2,"9 months ago on 
Google"
Great stay here! Very nice budget hotel. All the hotel rooms are away from the street which makes it very quiet to sleep at night. Many young guys working here who are very quick to help you with luggage. The tour desk was helpful in booking several plane tickets for me. Friendly and sweet people!,2,"9 months ago on 
Google"
"I stayed at Hotel Kathmandu Regency and it was a complete nightmare. We had booked 5 rooms with AC in advance, but upon arrival, we were informed that there was only one room available with AC. The staff was unhelpful and the manager was ‚Ä¶ More",2,"9 months ago on 
Google"
"This is my first time in nepal I felt cheated by any hotel.

We booked four AC rooms from MMT but to our surprise the hotel denied it and ‚Ä¶ More",2,"9 months ago on 
Google"
"Good hotel. Very strategy location to stay if u want explore more about Thamel  & Kathmandu city. Good breakfast & clean room's toilet. Good bed. If stay long, room make-up as per request, not scheduled. ‚Ä¶ More",2,"9 months ago on 
Google"
"Had a pre booking there. We returned to ktm on a night bus and reached the hotel area at 5 am in the morning. We were tired to search for other hotels because of fatigue and called this place to pick us up as we were lost because of bad navigation from google map. They didn't even pick up our call on 3 tries and later was unreachable.
Bad experience even without going there.
Thank god we didn't go and stay there.",2,"9 months ago on 
Google"
"We stayed here several times between our travels around Nepal. The staff were super friendly and helpful and we could store our luggage without a problem. We stayed in the cheaper and the more expensive rooms and both are good value for money. The location is perfect if you want to shop things for trekking. They also have a travel agency in the hotel than can help you book buses and more for a fair price, but they don't push you to book tours/trips you don't really want.
One star is missing because there is mold in some of the rooms so maybe not too healthy if you plan to stay a long time.
Trip type
Vacation
Travel group
Couple
Hotel highlights
Great value",2,"9 months ago on 
Google"
"We had a really nice stay here, it was the best room we had in Kathmandu and really worths it considering the price, breakfast was really good too! Will definitely come back here whenever I'm back in Thamel / Kathamdu :) More",2,"9 months ago on 
Google"
"Rooms are cosy and comfortable. Just a couple of small issues. The staff are great, helpful and friendly. The location is ideal right in the centre but still nice and quiet as long as you are at the back of the hotel.
Trip type
Vacation
Travel group
Couple
Rooms: 4
Service: 5
Location: 5
Hotel highlights
Quiet",2,"9 months ago on 
Google"
"Online rating and reviews are sometimes very misleading! I checked through google and found Agoda rating showing as 4.5. The reviews are mostly encouraging. So, didn't think twice before booking it for 4 days from 6th to 10th September. ‚Ä¶ More",2,"9 months ago on 
Google"
"The location, which is right in the heart of Thamel, the comfortable accommodations, complimentary breakfast, and the welcoming staff have made my vacation enjoyable. ‚Ä¶ More",2,"9 months ago on 
Google"
"The room is not well maintained even though i pre-booked it... The bed sheet was not clean and there was even bloodstains... and another problem, bedsheet  was wet like someone peed on it ü§¢ Never have I ever booked this kind of room in my life... ‚Ä¶",2,"9 months ago on 
Google"
Came to stay for 3 nights but ended up staying for 8. Really liked the spacious room and comfy bed. The staff was super friendly and the location is perfect -being only 5 min walk from Patan Durbar Square. I would definitely stay here again. More,5,"2 months ago on 
Google"
"Perfect location, very nice calm area. Super warm and helpful host. Cheap and clean rooms. Can recommend it. More",5,"2 months ago on 
Google"
"Best location, with direct view to the stupa from my window. The room is nice and comfortable, all very clean too, and they even left coffee and teapot available. Owner is very kind. Only stayed two nights but hopefully will stay longer in my next visit to Patan. More",5,"2 months ago on 
Google"
"I just stayed for 2 days and wished to stay few more days. The view from the room is just marvelous. You have direct view of Ashok Stupa from few rooms. The Stupa is just a few meter distance from the Hotel. The Staff were friendly and ‚Ä¶
Read more on Tripadvisor",5,"2 months ago on 
Google"
"The hotel just opened this March I think. The rooms are completely renovated, clean and nicely furnished. From the rooftop you have quite a nice view over Patan. There are rooms with private toilets and rooms with shared ones.||The owner is ‚Ä¶
Read more on Tripadvisor",5,"2 months ago on 
Google"
Good location. Patan Durbar Square is about 1.2 Km from its location. The rooms are clean and has tranquil ambience. Staffs is good. |Lacking : No restaurant in it‚Äôs premises. No breakfast. However kitchen is available in its top floor with freeze and micro oven.,5,"2 months ago on 
Google"
"One of the best place with affordable priceüòä ‚Ä¶
Rooms: 5‚Ä¶
More",5,"2 months ago on 
Google"
"Perfect accomodation! Located near Patan Durbar Square and Taxi Stop (just over the bridge), reasonably priced, host is very nice and helpful (also in arranging trips outside Patan/Kathmandu). Place is clean and cozy. Rooms are equipped ‚Ä¶ More",5,"2 months ago on 
Google"
"Budget room in Patan area
Good hotel in Patan Area, cost us about 1100 INR per room per night. Small size rooms with standard facilities. ‚Ä¶ More",5,"2 months ago on 
Google"
One of the best guest house in Patan area with comfortable beds. Staff were very friendly. Have a shared kitchen with refrigerator and utensils.,5,"2 months ago on 
Google"
Clean and comfortable rooms. Friendly service. Quiet and peaceful place. Away from stressed tourists but only 10 min walk to mangal bazar Lalitpur. üôèüëçü•á ‚Ä¶,5,"2 months ago on 
Google"
Service provider is too rude and don't know how to talk and maintain the impression with the customer. Absolutely horrible impression. More,5,"2 months ago on 
Google"
"Very nice place and excellent price, fantastic location if you love Newari culture and temples etc.
Rooms:‚Ä¶
More",5,"2 months ago on 
Google"
"Nice and clean rooms, all newly renovated. Staff very helpful. Wonderful window view to a giant stupa",5,"2 months ago on 
Google"
"amazing stay with great location in a quiet side road near to patan durbar square.
Rooms: 5‚Ä¶
More",5,"2 months ago on 
Google"
"I like this place, friendly owner and really peaceful environment, clean and spacious room.  Will definitely go there again.",5,"2 months ago on 
Google"
"All products are wholesale price. jewelry iteam hair care, skin care, baby care, personal care, avaiable here More",5,"2 months ago on 
Google"
"The hotel is beautiful, and well maintained and the staff is exceptional. Everything was fantastic.
Travel group
Family
Rooms: 5
Service: 5
Location: 4",5,"2 months ago on 
Google"
"Excellent . Near to major tourists places, temples",5,"2 months ago on 
Google"
"Clean, great position and flexible check-in and check-out.
Trip type
Vac‚Ä¶
More",5,"2 months ago on 
Google"
"I booked this hotel for three nights. My flight landed early and I reached the hotel around 10 a.m., and they allowed me to check in early, which I appreciated. The staff, who also appeared to be the owners, were initially polite. ‚Ä¶ More",1,"a month ago on 
Google"
"Absolutely amazing :)
The kindness of the staff is unmatched.
The rooms are clean and comfy with hot water. The food is fantastic. Delicious ‚Ä¶ More",1,"a month ago on 
Google"
"I stayed here for 3 nights, and continue another 1 night after I came back from Pohkara. The owner kept my luggage very safely until my return. The hotel located at a China street, and walking distance 5-10 mins to many good restaurants and ‚Ä¶ More",1,"a month ago on 
Google"
Lovely welcoming hotel in a great location in Thamel. The hotel was decorated with artefacts and antiques showing the culture of Nepal which was nice to see. It was tucked away off of a busy street so surprisingly quiet.|Friendly and helpful staff. This hotel was good value for money.,1,"a month ago on 
Google"
Not a bad hotel for the price and in a prime location. The staff were polite but not particularly friendly or helpful. The bathroom was very mouldy and the toilet didn‚Äôt flush properly. Rooms were also particularly dark. More,1,"a month ago on 
Google"
Traditional family run business. I felt safe and stayed for a little longer than expected. Content to say hygiene is clean and hospitable .Prakash goes beyond the limit to help you! More,1,"a month ago on 
Google"
"We had an amazing stay here. The staff were so lovely and attentive. The resturant food was the best food we have had in Kathmandu! Great location, tucked off the main road. Highly recommend üòä ‚Ä¶ More",1,"a month ago on 
Google"
"I stayed at Nepal Pavilion Inn 3 times during my months  stay in Nepal. The staff were all very friendly and helpful. The Owners went out their way to help me book a taxis to the airport and sort out my washing i‚Äôm two separate occasions.
He even took me to a supermarket at 10:30 in the evening, on his scooter as I was desperate for some sunscreen before my trek early the next morning.
I would highly recommend Nepal Pavilion Inn to my friends and family
Trip type
Vacation
Travel group
Solo
Rooms: 5
Service: 5
Location: 5
Hotel highlights
Romantic, Quiet, Great value",1,"a month ago on 
Google"
"Great location in Thamel! Decorated really nicely with traditional Nepalese art. Rooftop restaurant is great place to chill and soak up the views. Staff are wonderful, very friendly, very helpful and very welcoming. More",1,"a month ago on 
Google"
Fantastic Stay - would highly recommend! Pavillion Inn is only a short ride from the airport in Thamel. Great location and great rooms. I booked a non AC room but the hotel staff still ensured I had a fan in my room. The hotel had beautiful ‚Ä¶ More,1,"a month ago on 
Google"
"I would highly suggest you to avoid this place if you're looking for someone whose looking for fun with your friends and family.
It's like a hostel with strict DI complain about noise and stuffs even if you're ‚Ä¶ More",1,"a month ago on 
Google"
"The rooms were close with eachother allowing even little sounds to come from other rooms, which was really bothersome. The flush also didn't work in our room and the water coming out of the sink was so dirty. I wouldn't recommend this place. More",1,"a month ago on 
Google"
"Overall really great. The hotel has a great atmosphere with singing bowls and thangkas everywhere. The owner is very welcoming and even offered me a beer, and is also very knowledgeable about local destinations. Room was nice, my only complaint is that it has no AC and can get a bit warm during the summer. More",1,"a month ago on 
Google"
"Our stay at Nepal Pavillion was wonderful. The staff were extremely accommodating and flexible for our arrangements.||It is in a centralised location, making accessing Thamel very easy. There is a great restaurant on the top floor and the ‚Ä¶
Read more on Tripadvisor",1,"a month ago on 
Google"
"I really enjoyed my stay. The staff was extraordinarily kind and caring, the food was excellent, and the place was calm and peaceful. Highly recommended.",1,"a month ago on 
Google"
Wow!!what can be more exciting when you see all the authentic and original antiquity ambience unlike other hotels designed just with paintings and color.But I feel more life of museum here with a very supportive family running this hotel.I ‚Ä¶ More,1,"a month ago on 
Google"
"Next door renovation is in progress therefore you can‚Äôt really get a rest during day time. Besides the overall vibe of the hotel light too dark maybe they need to replace higher voltage light bulb otherwise it looks abit creepy. Bed too ‚Ä¶
Read more on Trip.com",1,"a month ago on 
Google"
"5üåü
this hotel is amazing
the location was good. it's easy to walk to everything. ‚Ä¶ More",1,"a month ago on 
Google"
Lovely little hotel tucked in an alleyway in the heart of Thamel. The owners are extremely friendly and the hotel staff are polite and helpful. They helped us with our luggage on arrival and departure with a smile. The room and bathroom ‚Ä¶ More,1,"a month ago on 
Google"
Great little hotel in Thamel! The location was great and tucked into an alley so a little more private. Room was clean and big. Decor was classic Nepali and was beautiful. The front desk was helpful and kind. More,1,"a month ago on 
Google"
"Nice place to stay in Kathmandu
Homely environment with all the basic amenities.
Good management with tasty food.
One of the best hostel in Kathmandu.
Trip type
Vacation
Travel group
Friends
Rooms: 4
Service: 5
Location: 4",5,"a month ago on 
Google"
"Thankyou so much SARA'S BACKPACKERS HOTEL for hospitality.i am from Pakistan and came here for tourism.All staff members are excellent üëå Delicious meal in restaurant and room service also.pakistani food,indian food, Nepali food,bhutani food, Bangladeshi food,all continents food available in Sara backpackers hotel.i suggest to all traveler's to came here in Sara backpackers hotel.This hotel is very cheap in Kathmandu Nepal and situated in the Heart ‚ù§Ô∏è of Kathmandu Nepal.Book this hotel for accommodation.
Thankyou Sara backpackers hotel
Thankyou
Rooms: 5
Service: 5
Location: 5",5,"a month ago on 
Google"
"Affordable, Clean & Friendly
Hotel Sara‚Äôs Backpackers is a gem for budget travelers. It‚Äôs clean, comfortable, and located close to major attractions. The staff make you feel at home, and I met so many fellow travelers in the common lounge. A fantastic value for money! More",5,"a month ago on 
Google"
"I had an amazing stay at Hotel Sara's Backpackers! The staff were super friendly and always ready to help with tips on local attractions. The atmosphere was relaxed and social ‚Äì perfect for solo travelers. The dorms were clean, and the common areas had a great vibe. Highly recommend! More",5,"a month ago on 
Google"
"Hotel Sara Sadhan gives off such positive vibes. The ambience is modern yet cozy, perfect for travelers. More",5,"a month ago on 
Google"
"I had an incredible stay at Hotel Sara's Backpackers in Kathmandu! The location is perfect, situated near Baniyatar Bridge, offering easy access to both the city and serene surrounding areas. The rooms were clean, comfortable, and ‚Ä¶ More",5,"a month ago on 
Google"
"Had a wonderful stay at this cozy homestay! The hosts were incredibly kind and made us feel right at home. Rooms were clean and comfortable, and the homemade food was delicious. Great location for exploring nearby sights. Highly recommend for a peaceful and authentic local experience! More",5,"a month ago on 
Google"
"I had an amazing experience at Sara's Backpackers! The rooms were spotless, beautifully designed, and super comfortable. The staff were incredibly welcoming and attentive, making my stay unforgettable. Plus, the location was ideal‚Äîclose to everything! Highly recommend and can‚Äôt wait to return! üòä ‚Ä¶ More",5,"a month ago on 
Google"
"Don‚Äôt stay here!!!! overcharges for rooms and basically scams you, online says maximum 1000 for the best room, as you know online is priced more than if you go there and all hotels give a discount or fix the price when you talk to them in ‚Ä¶ More",5,"a month ago on 
Google"
"Perfect for budget travelers!""
Hotel Sara's Backpackers exceeded my expectations ‚Äî clean rooms, friendly staff, and a great vibe for meeting other travelers. Will definitely return! More",5,"a month ago on 
Google"
"""Laid-back, social vibe""
Perfect for solo travelers! The lounge area was great for meeting people and sharing stories. Fun and chill place. More",5,"a month ago on 
Google"
"I recently had the unfortunate experience of staying at a hostel run by a husband and wife team, and I must say, it was an absolute nightmare. I feel compelled to share my experience to save fellow travelers from a similar ordeal. ‚Ä¶ More",5,"a month ago on 
Google"
"""Awesome kitchen facilities""
Fully equipped kitchen made cooking super easy. Clean, organized, and even had spices and oils available.
Rooms: 5
Service: 5
Location: 5",5,"a month ago on 
Google"
"I have stayed at dozen of hotels . This was on the top of the list of best stays/experiences ever. Staff was very hospitable and there for every need of mine. The homey vibes you get from the charming pair of Mr Sudan and Mrs Sara make this location even more special. This establishment understands how to please its customers. Always in a pleasant mood. The cuisine is reasonably priced, consistently tasty, and well-kept.
Trip type
Vacation
Travel group
Solo
Rooms: 5
Service: 5
Location: 5",5,"a month ago on 
Google"
"I had a really nice stay here. Sara was so lovely and welcoming when we arrived in Nepal. She was very helpful with all the questions we had, and helped us getting the bus around Kathmandu. It was in an interesting area to explore, and the rooms were nice and good value",5,"a month ago on 
Google"
"""Wonderful staff!""
Everyone working here is incredibly helpful and kind. They gave me great tips for exploring the area and even helped with transportation.
Rooms: 5
Service: 5
Location: 5",5,"a month ago on 
Google"
"""Eco-friendly and mindful""
I appreciated their eco-friendly initiatives ‚Äî recycling bins, water refills, and energy-saving features. A great example for others.
Rooms: 5
Service: 5
Location: 5",5,"a month ago on 
Google"
"Budget friendly hotel owned by a family. Ms Sarah and his husband was very friendly and kind. Feels like we are at home. Clean, tidy and spacious room and washroom. Very quiet surrounding also so you can sleep properly. There is also ‚Ä¶
Read more on Tripadvisor",5,"a month ago on 
Google"
"This was the best stay I have had on my travels, clean rooms, nice shower, but the golden jewel here is the people, the family who own it are the most accomodating and caring people I have ever met. With one short conversation you will learn their passion for languages, they will feed you until you can eat no more and they won't ask for a dime extra for the meal. The nightly cost is so low but the experience is of the highest quality they are truly beautiful people and to make it better they have a jaw dropping roof top view for you to enjoy. I can't recommend this highly enough! Thank you Sara and Sudan,  I will definitely be back.
Trip type
Vacation
Travel group
Solo
Rooms: 5
Service: 5
Location: 5",5,"a month ago on 
Google"
"Comfortable common areas""
The common lounge and rooftop are cozy and spacious. Perfect spots to relax after a day of exploring.
Rooms: 5
Service: 5
Location: 5",5,"a month ago on 
Google"
This hotel service is very good quality and also his staff mr.rijan rai treated very well and made sure to treat me right overall with my stay. More,5,"a month ago on 
Google"
"Rooms are good , service is not bad but they have to improve more and the location is good of business related stay because airport is near only walking distance and all over I feel good üòä ‚Ä¶ More",5,"a month ago on 
Google"
"Unsure why the previous reviews seem so negative as my stay here last evening was good. The shower was wonderful, very hot and a nice pressure. The staff were courteous and allowed us to come and go as we pleased and order take out food to ‚Ä¶ More",5,"a month ago on 
Google"
"Very disappointed.

1. Food is not good. They serve cold and yesterday‚Äôs food.
2. There is water problem ,the tap does not work
3. The tv does not function properly.
4. No hot water
5. No lift system
6. they cant serve most of the things that they have on the menu.
7. I also did find 1..2 cockroaches in the room.
8. No buffet breakfast in the morning is a huge üö©for me. I did not know that when i booked a room here.
9. The toilet also has problems.
10. Very Slow  wifi

Overall they are nice people.
They do respond and try to help. But a hotel like this is only ok in case of emergencies and when you have no other option to stay in another hotel.

I am giving 1 star because they respond every time i had a problem. And that they were not rude with me.
Trip type
Vacation
Travel group
Solo
Rooms: 1
Service: 1
Location: 1
Walkability
5mins walking from the airport entrance gate",5,"a month ago on 
Google"
The hotel is strategically located near Tribhuvan Airport and is quite convenient to stay if you have an early flight to catch the next day. You save on unnecessary taxi charges for drop to Airport. It took us 10 mins to reach International ‚Ä¶ More,5,"a month ago on 
Google"
Rooms are clean and well maintained. The price is very reasonable. Food is great. You won't find this quality of rooms and service at this price in Kathmandu. It's my go to place for most of the trips. The only downside is rooms are compact and there's no parking space so you need to park on the road.,5,"a month ago on 
Google"
"Firstly, the location is really not great- off on dodgy back street in the middle of an actual building site. There were rubbish heaps everywhere. It's also close to the very busy main road so you get significant road noise as only single ‚Ä¶
Read more on Tripadvisor",5,"a month ago on 
Google"
The room was clean and staff were helpful. We got the family room and price was very reasonable. I recommend this hotel to anyone planning to stay near Kathmandu airport. More,5,"a month ago on 
Google"
"I was very disappointed during my stay. The hotel had a strange smell, and I found cockroaches in my room. More",5,"a month ago on 
Google"
"Great hotel which is a only a 5 minute walk from the airport. They have great service, clean rooms, amazing hot water for after a long flight! I left my jacket there and the staff is working on getting it back to me!! Thought that was very ‚Ä¶
Read more on Tripadvisor",5,"a month ago on 
Google"
"Poorly managed hotel.  Staff is polite and they try to be helpful, but too many things don't work. When you check in, make sure the hot water and shower work, the phone, the air conditioner, wifi, the mini fridge, the kettle, the lights, etc. OR expect problems. More",5,"a month ago on 
Google"
"9.50pm flight, sick of the downtown  streets with no where to go? ||Found this great hotel $25 a night with brekky, even though only stayed 12 noon though 6.30, then took off.||New, very clean, tidy, great beds & lovely soft towels, unknown ‚Ä¶
Read more on Tripadvisor",5,"a month ago on 
Google"
We stayed here before and after our Everest Base Camp trek. It was a great hotel very close to the airport and had a few nice restaurants around it. Comfortable and friendly staff.,5,"a month ago on 
Google"
Very poorly managed hotel.  Stayed in room elite deluxe room and paid full but toilet flush didn‚Äôt work throughout the stay nor did there was any water to Shower or wash ! ‚Ä¶ More,5,"a month ago on 
Google"
This hotel has only one benefit that it is near to airport. The food is really bad. Even a cup of tea is really bad they don‚Äôt know how to make a tea even and that also costs 200. Bathrooms on third floor don‚Äôt have option of hot water. I won‚Äôt recommend to anyone.,5,"a month ago on 
Google"
The hotel is walkable distancevfrom airport. The rooms are small and unhygienic. Lots of pests and no proper maintenance. Service is good. More,5,"a month ago on 
Google"
"Worst place to stay ! Charge you full price , but there is no water supply , no for the sink , shower and even flush ! You don‚Äôt know when water will go and all you will hear is excuse! ‚Ä¶ More",5,"a month ago on 
Google"
"Very good location( 3 m walking for the airport) . 20‚Ç¨ cleans and with wifi. Room 10
M . Not bad not big.",5,"a month ago on 
Google"
"Worst place to stay ! Charge you full price , Very rude behaviour.
Please do yourself a favour and don‚Äôt risk staying here More",5,"a month ago on 
Google"
